{
  "id": "2622590",
  "name": "AutoMation",
  "font_family": "iconfont",
  "css_prefix_text": "icon-",
  "description": "",
  "glyphs": [
    {
      "icon_id": "1045032",
      "name": "clear",
      "font_class": "clear",
      "unicode": "e63b",
      "unicode_decimal": 58939
    },
    {
      "icon_id": "11468160",
      "name": "椭圆",
      "font_class": "tuoyuan",
      "unicode": "e614",
      "unicode_decimal": 58900
    },
    {
      "icon_id": "109741",
      "name": "fill",
      "font_class": "fill",
      "unicode": "e61c",
      "unicode_decimal": 58908
    },
    {
      "icon_id": "27520548",
      "name": "区域",
      "font_class": "quyu",
      "unicode": "e933",
      "unicode_decimal": 59699
    },
    {
      "icon_id": "10418295",
      "name": "生成轮廓",
      "font_class": "shengchenglunkuo",
      "unicode": "e729",
      "unicode_decimal": 59177
    },
    {
      "icon_id": "15546302",
      "name": "减",
      "font_class": "jian",
      "unicode": "e613",
      "unicode_decimal": 58899
    },
    {
      "icon_id": "18522222",
      "name": "加",
      "font_class": "jia",
      "unicode": "e61d",
      "unicode_decimal": 58909
    },
    {
      "icon_id": "11741138",
      "name": "绘制 ",
      "font_class": "huizhi1",
      "unicode": "e635",
      "unicode_decimal": 58933
    },
    {
      "icon_id": "16589907",
      "name": "选择",
      "font_class": "xuanze",
      "unicode": "e629",
      "unicode_decimal": 58921
    },
    {
      "icon_id": "23376799",
      "name": "绘制轨迹",
      "font_class": "huizhiguiji",
      "unicode": "e607",
      "unicode_decimal": 58887
    },
    {
      "icon_id": "1917153",
      "name": "圆",
      "font_class": "circle",
      "unicode": "e80c",
      "unicode_decimal": 59404
    },
    {
      "icon_id": "8990450",
      "name": "合并",
      "font_class": "hebing",
      "unicode": "e719",
      "unicode_decimal": 59161
    },
    {
      "icon_id": "10939126",
      "name": "绘制线",
      "font_class": "btn_drawline",
      "unicode": "e610",
      "unicode_decimal": 58896
    },
    {
      "icon_id": "10939127",
      "name": "擦除绘制",
      "font_class": "btn_drawclear",
      "unicode": "e611",
      "unicode_decimal": 58897
    },
    {
      "icon_id": "10939131",
      "name": "绘制矩形",
      "font_class": "btn_drawrec",
      "unicode": "e612",
      "unicode_decimal": 58898
    },
    {
      "icon_id": "14008818",
      "name": "绘制",
      "font_class": "huizhi",
      "unicode": "e602",
      "unicode_decimal": 58882
    },
    {
      "icon_id": "19665669",
      "name": "交集",
      "font_class": "jiaoji",
      "unicode": "e603",
      "unicode_decimal": 58883
    },
    {
      "icon_id": "19665670",
      "name": "差集",
      "font_class": "chaji",
      "unicode": "e604",
      "unicode_decimal": 58884
    },
    {
      "icon_id": "23061043",
      "name": "尺寸",
      "font_class": "chicun",
      "unicode": "e63c",
      "unicode_decimal": 58940
    },
    {
      "icon_id": "19698225",
      "name": "info",
      "font_class": "info",
      "unicode": "e728",
      "unicode_decimal": 59176
    },
    {
      "icon_id": "4573742",
      "name": "中文",
      "font_class": "zhongwen",
      "unicode": "ebe2",
      "unicode_decimal": 60386
    },
    {
      "icon_id": "20761351",
      "name": "Raw",
      "font_class": "Raw",
      "unicode": "e62d",
      "unicode_decimal": 58925
    },
    {
      "icon_id": "1369",
      "name": "缩小",
      "font_class": "suoxiao",
      "unicode": "e600",
      "unicode_decimal": 58880
    },
    {
      "icon_id": "1370",
      "name": "放大",
      "font_class": "fangda",
      "unicode": "e601",
      "unicode_decimal": 58881
    },
    {
      "icon_id": "1770956",
      "name": "拖动",
      "font_class": "tuodong",
      "unicode": "e659",
      "unicode_decimal": 58969
    },
    {
      "icon_id": "4890405",
      "name": "原始大小",
      "font_class": "yuanshidaxiao",
      "unicode": "e6f2",
      "unicode_decimal": 59122
    },
    {
      "icon_id": "4922585",
      "name": "适应屏幕",
      "font_class": "adapt",
      "unicode": "e674",
      "unicode_decimal": 58996
    },
    {
      "icon_id": "18170118",
      "name": "相机,截图,截屏,拍照",
      "font_class": "camera-full",
      "unicode": "e967",
      "unicode_decimal": 59751
    },
    {
      "icon_id": "18883564",
      "name": "指针",
      "font_class": "zhizhen",
      "unicode": "e6c8",
      "unicode_decimal": 59080
    },
    {
      "icon_id": "6536725",
      "name": "右上-01",
      "font_class": "youshang-",
      "unicode": "e660",
      "unicode_decimal": 58976
    },
    {
      "icon_id": "6536734",
      "name": "左下-01",
      "font_class": "zuoxia-",
      "unicode": "e666",
      "unicode_decimal": 58982
    },
    {
      "icon_id": "16322771",
      "name": "上",
      "font_class": "shang",
      "unicode": "e6f4",
      "unicode_decimal": 59124
    },
    {
      "icon_id": "16322774",
      "name": "下",
      "font_class": "xia",
      "unicode": "e6f5",
      "unicode_decimal": 59125
    },
    {
      "icon_id": "16322775",
      "name": "左",
      "font_class": "zuo",
      "unicode": "e6f6",
      "unicode_decimal": 59126
    },
    {
      "icon_id": "16322778",
      "name": "右",
      "font_class": "you",
      "unicode": "e6f7",
      "unicode_decimal": 59127
    },
    {
      "icon_id": "20009280",
      "name": "rotate旋转2",
      "font_class": "rotatexuanzhuan2",
      "unicode": "e6e2",
      "unicode_decimal": 59106
    },
    {
      "icon_id": "20009323",
      "name": "rotate旋转",
      "font_class": "rotatexuanzhuan",
      "unicode": "e6eb",
      "unicode_decimal": 59115
    },
    {
      "icon_id": "21151081",
      "name": "停止 ",
      "font_class": "tingzhi1",
      "unicode": "e65c",
      "unicode_decimal": 58972
    },
    {
      "icon_id": "15468550",
      "name": "连接状态",
      "font_class": "lianjiezhuangtai",
      "unicode": "e653",
      "unicode_decimal": 58963
    },
    {
      "icon_id": "15468556",
      "name": "断开状态",
      "font_class": "duankaizhuangtai",
      "unicode": "e654",
      "unicode_decimal": 58964
    },
    {
      "icon_id": "428403",
      "name": "最大化",
      "font_class": "zuidahua1",
      "unicode": "e65b",
      "unicode_decimal": 58971
    },
    {
      "icon_id": "941658",
      "name": "最大化",
      "font_class": "zuidahua",
      "unicode": "e62b",
      "unicode_decimal": 58923
    },
    {
      "icon_id": "9430532",
      "name": "关  闭",
      "font_class": "guanbi",
      "unicode": "e639",
      "unicode_decimal": 58937
    },
    {
      "icon_id": "11490918",
      "name": "最小化",
      "font_class": "zuixiaohua",
      "unicode": "e650",
      "unicode_decimal": 58960
    },
    {
      "icon_id": "3881881",
      "name": "公司",
      "font_class": "gongsi",
      "unicode": "e769",
      "unicode_decimal": 59241
    },
    {
      "icon_id": "2768292",
      "name": "统计",
      "font_class": "tongji",
      "unicode": "e615",
      "unicode_decimal": 58901
    },
    {
      "icon_id": "3834490",
      "name": "相机",
      "font_class": "xiangji",
      "unicode": "e624",
      "unicode_decimal": 58916
    },
    {
      "icon_id": "4922091",
      "name": "启动",
      "font_class": "start",
      "unicode": "e65f",
      "unicode_decimal": 58975
    },
    {
      "icon_id": "5065478",
      "name": "暂停",
      "font_class": "shuangsechangyongtubiao-",
      "unicode": "e606",
      "unicode_decimal": 58886
    },
    {
      "icon_id": "7501110",
      "name": "权限",
      "font_class": "fenghuangxiangmutubiao_quanxian",
      "unicode": "e66d",
      "unicode_decimal": 58989
    },
    {
      "icon_id": "12875244",
      "name": "语言切换",
      "font_class": "icon_A",
      "unicode": "e6ad",
      "unicode_decimal": 59053
    },
    {
      "icon_id": "17581788",
      "name": "停止",
      "font_class": "tingzhi",
      "unicode": "ec6d",
      "unicode_decimal": 60525
    },
    {
      "icon_id": "17681530",
      "name": "报警信息",
      "font_class": "baojingxinxi",
      "unicode": "e636",
      "unicode_decimal": 58934
    },
    {
      "icon_id": "18924516",
      "name": "设置",
      "font_class": "70BasicIcons-all-33",
      "unicode": "e63a",
      "unicode_decimal": 58938
    },
    {
      "icon_id": "19646438",
      "name": "主页",
      "font_class": "zhuye",
      "unicode": "e7ed",
      "unicode_decimal": 59373
    }
  ]
}
